23487963576,WatchEvent,2022-08-17T15:52:40Z,17,8,2022,44167236,6296790,true
23487963624,CreateEvent,2022-08-17T15:52:40Z,17,8,2022,111333037,525860969,true
23487963529,PushEvent,2022-08-17T15:52:40Z,17,8,2022,65502770,350706029,true
23487963558,IssueCommentEvent,2022-08-17T15:52:40Z,17,8,2022,99458559,226399669,true
23487963581,PullRequestEvent,2022-08-17T15:52:40Z,17,8,2022,3787410,521980272,true
23487963532,PushEvent,2022-08-17T15:52:40Z,17,8,2022,11596368,438998478,true
23487963524,PushEvent,2022-08-17T15:52:40Z,17,8,2022,82401504,525362201,true
23487963526,PushEvent,2022-08-17T15:52:40Z,17,8,2022,60316309,500139646,true
23487963492,PushEvent,2022-08-17T15:52:40Z,17,8,2022,37953029,268298723,true
23487963504,DeleteEvent,2022-08-17T15:52:40Z,17,8,2022,28701858,399546191,true
23487963536,PullRequestReviewEvent,2022-08-17T15:52:40Z,17,8,2022,22668539,512700417,true
23487963495,CreateEvent,2022-08-17T15:52:40Z,17,8,2022,111433069,525860287,true
23487963522,PushEvent,2022-08-17T15:52:40Z,17,8,2022,100686237,522510250,true
23487963444,PushEvent,2022-08-17T15:52:40Z,17,8,2022,111448530,525859727,true
23487963462,PullRequestEvent,2022-08-17T15:52:40Z,17,8,2022,86944161,509700187,true
23487963480,IssuesEvent,2022-08-17T15:52:40Z,17,8,2022,10712109,138224079,true
23487963457,PushEvent,2022-08-17T15:52:40Z,17,8,2022,368735,495043847,true
23487963413,PushEvent,2022-08-17T15:52:40Z,17,8,2022,55003092,525476229,true
23487963429,PushEvent,2022-08-17T15:52:40Z,17,8,2022,17953978,435120097,true
23487963448,PushEvent,2022-08-17T15:52:40Z,17,8,2022,94136524,484665561,true
23487963440,PushEvent,2022-08-17T15:52:40Z,17,8,2022,13433317,483328134,true
23487963411,IssueCommentEvent,2022-08-17T15:52:40Z,17,8,2022,10712109,138224079,true
23487963456,IssueCommentEvent,2022-08-17T15:52:40Z,17,8,2022,37929162,399070715,true
23487963426,WatchEvent,2022-08-17T15:52:40Z,17,8,2022,44158642,45356931,true
23487963471,PullRequestEvent,2022-08-17T15:52:40Z,17,8,2022,19955562,176802984,true
23487963425,CreateEvent,2022-08-17T15:52:40Z,17,8,2022,111345762,525860966,true
23487963368,PushEvent,2022-08-17T15:52:40Z,17,8,2022,30538765,409344435,true
23487963384,PushEvent,2022-08-17T15:52:40Z,17,8,2022,8517910,86929735,true
23487963376,PushEvent,2022-08-17T15:52:40Z,17,8,2022,109001160,525552996,true
23487963366,PushEvent,2022-08-17T15:52:40Z,17,8,2022,686971,288543809,true
